add_user,2026-05-25T19:46:13.512491300
add_account,2026-05-25T19:46:29.066380300
add_card,2026-05-26T20:09:19.155109300
add_deposit,2026-05-26T20:09:56.258702
add_deposit,2026-05-26T20:21:18.362538
add_withdrawal,2026-05-26T20:21:47.493926400
add_account,2026-05-26T20:23:48.325480
add_international-transfer,2026-05-26T20:24:45.712052200
add_user,2026-05-26T20:27:03.392218500
update_account,2026-05-26T20:28:12.343745700
update_account,2026-05-26T20:32:42.227948900
change_account_currency,2026-05-26T20:44:52.211130200
deactivate_card,2026-05-26T20:45:19.729933900
add_account,2026-05-26T20:45:56.274535200
add_card,2026-05-26T20:46:50.118177500
deactivate_card,2026-05-26T20:47:28.931082700
deactivate_card,2026-05-26T20:53:30.519766800
add_card,2026-05-26T20:54:27.154534800
deactivate_card,2026-05-26T20:55:23.481766
deactivate_account,2026-05-26T20:55:23.484767400
add_account,2026-05-26T20:56:06.333852700
add_deposit,2026-05-26T20:56:45.537410600
add_transfer,2026-05-26T20:57:32.855274500
add_withdrawal,2026-05-26T20:58:12.289335700
update_account,2026-05-26T21:01:01.418796100
add_international-transfer,2026-05-26T21:13:09.472300300
add_international-transfer,2026-05-26T21:20:00.605289
add_deposit,2026-05-26T23:08:18.642506800
